component__best_path__mean,component__bridge_coverage__mean,component__coherence__mean,component__coverage__mean,component__fragility__mean,component__redundancy__mean,component__score_raw__mean,graph_score_max,graph_score_mean,graph_score_min,graph_score_std,n_rows,n_success,paper_id,paper_key,rating,sheet,title,variant_id,variant_name
0.09688833537069984,0.15234375,0.03125,0.005208333333333333,0.14055807067554166,0.09895833333333333,0.059713894074677046,0.5735070225643105,0.20971389465524926,0.1500000007,0.11155659855122237,64,64,000,Economics__000__co-integration-and-error-correction-representation-estimation-and-testing,Good,Economics,"Co-Integration and Error Correction: Representation, Estimation, and Testing",drop_low_quality_quintile,Drop lowest-quality 20% nodes (per trial)
0.22629534343819196,0.23027935606060607,0.33794323442760943,0.203125,0.10510079517935243,0.24479166666666666,0.18920412904055758,0.8072227896160175,0.3392041293621493,0.1500000007,0.24197546115617566,64,64,001,Economics__001__likelihood-based-inference-in-cointegrated-models,Good,Economics,Likelihood-Based Inference in Cointegrated Models,drop_low_quality_quintile,Drop lowest-quality 20% nodes (per trial)
0.40992623491411917,0.6264159451659451,0.7528764500064533,0.6666666666666667,0.12402590376605195,0.7023809523809524,0.48779311397956315,0.8507025853000835,0.637793113703977,0.1500000007,0.2443840068332897,56,56,002,Economics__002__a-simple-estimator-of-cointegrating-vectors,Good,Economics,A Simple Estimator of Cointegrating Vectors,drop_low_quality_quintile,Drop lowest-quality 20% nodes (per trial)
0.31939286184280274,0.24840367965367965,0.47500000000000003,0.15476190476190474,0.1655981875672873,0.27976190476190477,0.2220498834295037,0.7969014513841233,0.3720498836854039,0.1500000007,0.21048321310549684,56,56,003,Economics__003__the-time-interpretation-of-expected-utility-theory,Good (theory),Economics,The Time Interpretation of Expected Utility Theory,drop_low_quality_quintile,Drop lowest-quality 20% nodes (per trial)
0.3365034603903521,0.4520791708291708,0.640625,0.17708333333333331,0.05009603421423614,0.40104166666666663,0.33155833600607865,0.8083765052178812,0.48155833604296194,0.1500000007,0.2559017126075589,64,64,004,Economics__004__production-information-costs-and-economic-organization,Good,Economics,"Production, Information Costs, and Economic Organization",drop_low_quality_quintile,Drop lowest-quality 20% nodes (per trial)
0.35370411209547326,0.4562190413752914,0.5648968002483628,0.359375,0.17512605188187527,0.484375,0.34129531061024615,0.8114260384202793,0.49129531062765547,0.1500000007,0.2422770836048559,64,64,005,Economics__005__almost-ideal-demand-system,Good,Economics,Almost Ideal Demand System,drop_low_quality_quintile,Drop lowest-quality 20% nodes (per trial)
0.2650274605289834,0.35359848484848483,0.485827664399093,0.30357142857142855,0.060839609269912005,0.34523809523809523,0.2762561685366467,0.8364478127960735,0.4262561686841343,0.1500000007,0.28029845883912585,56,56,006,Economics__006__optimal-taxation-and-public-production,Good,Economics,Optimal Taxation and Public Production,drop_low_quality_quintile,Drop lowest-quality 20% nodes (per trial)
0.24713428074798363,0.35565814393939393,0.484375,0.3645833333333333,0.03553052700505576,0.29166666666666663,0.27401436045441935,0.825326594351231,0.4240143606063906,0.1500000007,0.287794610443957,64,64,007,Economics__007__national-debt-in-a-neoclassical-growth-model,Good,Economics,National Debt in a Neoclassical Growth Model,drop_low_quality_quintile,Drop lowest-quality 20% nodes (per trial)
0.2967356515274306,0.3958659396159396,0.5888124772053344,0.4047619047619047,0.06346383764841916,0.3869047619047619,0.32102397462101784,0.8641325055451703,0.47102397467896984,0.1500000007,0.27118234283780923,56,56,008,Economics__008__survival-of-the-un-fittest-why-the-worst-infrastructure-gets-built-and-what-we-c,Good,Economics,Survival of the Un-fittest: Why the Worst Infrastructure Gets Built -- and What We Can Do About It,drop_low_quality_quintile,Drop lowest-quality 20% nodes (per trial)
0.24588934333854598,0.32710700757575756,0.46205357142857145,0.40625,0.0311335360790053,0.22916666666666666,0.2597844144595822,0.8653717658948463,0.40978441464001336,0.1500000007,0.28292312705280503,64,64,009,Economics__009__the-colonial-origins-of-comparative-development-an-empirical-investigation,Good,Economics,The Colonial Origins of Comparative Development: An Empirical Investigation,drop_low_quality_quintile,Drop lowest-quality 20% nodes (per trial)
0.33807051147999234,0.48494005994005995,0.6311410918569099,0.47619047619047616,0.1040005489489122,0.6011904761904762,0.39106428874598625,0.8670818739811246,0.5410642886638577,0.1500000007,0.26500785053035636,56,56,010,Economics__010__political-selection-and-persistence-of-bad-governments,Neutral,Economics,Political selection and persistence of bad governments,drop_low_quality_quintile,Drop lowest-quality 20% nodes (per trial)
0.3238787964937595,0.4160511363636364,0.5980301816239316,0.3802083333333333,0.05868967481321748,0.3958333333333333,0.33337788348809283,0.8475796113969701,0.48337788352133704,0.1500000007,0.2802575262010888,64,64,011,Economics__011__monetary-economics-from-econophysics-perspective,Neutral,Economics,Monetary economics from econophysics perspective,drop_low_quality_quintile,Drop lowest-quality 20% nodes (per trial)
0.3030926411170982,0.319625946969697,0.5668898809523809,0.3020833333333333,0.10334704239063705,0.328125,0.27629366209167466,0.8284619545772177,0.4262936622390873,0.1500000007,0.2388719271102029,64,64,012,Economics__012__expected-growth-criterion-an-axiomatization,Neutral,Economics,Expected Growth Criterion: An Axiomatization,drop_low_quality_quintile,Drop lowest-quality 20% nodes (per trial)
0.0,0.0,0.0,0.0,0.0,0.0,0.0,0.1500000007,0.1500000007,0.1500000007,0.0,64,64,013,Economics__013__labour-by-design-contributions-of-david-card-joshua-angrist-and-guido-imbens,Neutral,Economics,"Labour by Design: Contributions of David Card, Joshua Angrist, and Guido Imbens",drop_low_quality_quintile,Drop lowest-quality 20% nodes (per trial)
0.3355241456537286,0.40112170815295817,0.5096960915744884,0.375,0.15809399950606023,0.578125,0.33563572268321146,0.8369911135526465,0.48563572271194,0.1500000007,0.2653111016108377,64,64,014,Economics__014__hypothetical-bias-in-stated-choice-experiments-part-i-integrative-synthesis-of-e,Neutral,Economics,"Hypothetical bias in stated choice experiments: Part I. Integrative synthesis of empirical 
evidence and conceptualisation of external validity",drop_low_quality_quintile,Drop lowest-quality 20% nodes (per trial)
0.3755571013224091,0.4630894279331779,0.636313404477467,0.41666666666666663,0.13087507119391134,0.5104166666666666,0.3718908787492234,0.8174075116975973,0.5218908787054416,0.1500000007,0.2521708661786575,64,64,015,Economics__015__physics-and-financial-economics-1776-2014-puzzles-ising-and-agent-based-models,Neutral,Economics,"Physics and Financial Economics (1776-2014) Puzzles, Ising and Agent-Based models",drop_low_quality_quintile,Drop lowest-quality 20% nodes (per trial)
0.32528646768153285,0.4224668560606061,0.6027662747791425,0.3645833333333333,0.1254566246198933,0.5208333333333334,0.3429797980537983,0.8369319029795659,0.4929797980678387,0.1500000007,0.26111366170173167,64,64,016,Economics__016__ergodicity-economics-in-plain-english,Neutral,Economics,Ergodicity Economics in Plain English,drop_low_quality_quintile,Drop lowest-quality 20% nodes (per trial)
0.41175757996773094,0.6146425189393939,0.7461090738458259,0.7135416666666666,0.109788541192726,0.5729166666666666,0.4720343175991215,0.8106790561385888,0.6220343173550529,0.1500000007,0.20604568182766847,64,64,017,Economics__017__state-level-policy-uncertainty-and-economic-performance,Neutral,Economics,State-level policy uncertainty and economic performance,drop_low_quality_quintile,Drop lowest-quality 20% nodes (per trial)
0.35430739121230587,0.4693734217171717,0.6338735784021994,0.484375,0.09282436072498096,0.546875,0.3858526569638422,0.8316909032503831,0.5358526568921368,0.1500000007,0.2647018303082051,64,64,018,Economics__018__the-cost-benefit-fallacy-why-cost-benefit-analysis-is-broken-and-how-to-fix-it,Neutral,Economics,The Cost-Benefit Fallacy: Why Cost-Benefit Analysis Is Broken and How to Fix It,drop_low_quality_quintile,Drop lowest-quality 20% nodes (per trial)
0.44688495833756425,0.46637003043253045,0.6110999821937322,0.5208333333333334,0.24745878425868253,0.4583333333333333,0.3731382611064278,0.8365518788808193,0.5231382610601513,0.1500000007,0.2268355513131438,48,48,019,Economics__019__why-your-it-project-may-be-riskier-than-you-think-new-research-shows-surprisingl,Neutral,Economics,Why Your IT Project May Be Riskier than You Think New research shows surprisingly high numbers of out-of-control tech projects — ones that can sink entire companies and careers.,drop_low_quality_quintile,Drop lowest-quality 20% nodes (per trial)
0.4230213988522688,0.4068773674242424,0.7345610119047619,0.3072916666666667,0.2095427444677207,0.4583333333333333,0.34897854775611253,0.8679843481476927,0.4989785477581554,0.1500000007,0.19588527512762755,64,64,020,Economics__020__ergodicity-economics-is-pseudoscience,Bad,Economics,‘Ergodicity Economics’ is Pseudoscience,drop_low_quality_quintile,Drop lowest-quality 20% nodes (per trial)
0.41589067892803544,0.49607189685314684,0.7815954661657787,0.453125,0.1277255944475216,0.5104166666666666,0.4088663513947452,0.8037372598041694,0.5588663512770125,0.1500000007,0.21260087759221116,64,64,021,Economics__021__what-are-we-weighting-for-a-mechanistic-model-for-probability-weighting,Bad,Economics,What are we weighting for? A mechanistic model for probability weighting,drop_low_quality_quintile,Drop lowest-quality 20% nodes (per trial)
0.20641305800885124,0.20484006734006732,0.2596877285296403,0.09027777777777778,0.1476605127474986,0.24305555555555555,0.15211908838917998,0.8424629344169992,0.3021190887849418,0.1500000007,0.218318191498456,48,48,022,Economics__022__commentary-on-addressing-the-malaise-in-neoclassical-economics-a-call-for-partia,Bad,Economics,"Commentary on ""Addressing the Malaise in neoclassical economics: A call for partial Models""",drop_low_quality_quintile,Drop lowest-quality 20% nodes (per trial)
0.4174680494558791,0.5119239267676767,0.7969751602564102,0.4583333333333333,0.1112569722543577,0.4895833333333333,0.41462779757670964,0.8701614295988155,0.5646277974474541,0.1500000007,0.20989064942758784,64,64,023,Economics__023__switching-economics-for-physics-and-the-carbon-price-inflation-problems-in-integ,Neutral,Economics,Switching Economics for Physics and the Carbon Price Inflation: Problems in Integrated Assessment Models and their Implications,drop_low_quality_quintile,Drop lowest-quality 20% nodes (per trial)
0.4118096758057613,0.4899220571095571,0.8137480887759042,0.4114583333333333,0.16411756700189725,0.8020833333333334,0.44364844038946877,0.8402282494089058,0.5936484402021719,0.1500000007,0.1795242627009137,64,64,024,Economics__024__the-two-growth-rates-of-the-economy,Bad,Economics,The Two Growth Rates of the Economy,drop_low_quality_quintile,Drop lowest-quality 20% nodes (per trial)
0.4963552416762983,0.5949422105672105,0.8420080787268287,0.5677083333333333,0.16074139299623985,0.6197916666666666,0.48265354531745747,0.8107013412894487,0.6326535450521503,0.1500000007,0.1845190053593289,64,64,025,Economics__025__land-bubbles-despite-non-vanishing-rents,Bad,Economics,Land Bubbles Despite Non-Vanishing Rents,drop_low_quality_quintile,Drop lowest-quality 20% nodes (per trial)
0.4019615554770388,0.4485085227272727,0.769987261002886,0.3125,0.20012394350954335,0.7291666666666666,0.40022265412493496,0.739966469651726,0.5502226540244897,0.1500000007,0.1598476790010744,64,64,026,Economics__026__quantum-propensity-in-economics,Bad,Economics,Quantum propensity in economics,drop_low_quality_quintile,Drop lowest-quality 20% nodes (per trial)
0.44428633138134244,0.50619476010101,0.8345170454545454,0.35416666666666663,0.09682710911011684,0.46875,0.4122770777161918,0.7914297900010699,0.5622770775916376,0.1500000007,0.18910217735574114,64,64,027,Economics__027__switching-economics-for-physics-and-the-carbon-price-inflation-problems-in-integ,Bad,Economics,Switching Economics for Physics and the Carbon Price Inflation: Problems in Integrated Assessment Models and their Implications,drop_low_quality_quintile,Drop lowest-quality 20% nodes (per trial)
0.2871151339083589,0.3303983343045843,0.5536644345238095,0.22916666666666666,0.1025775193912113,0.4895833333333333,0.29071234926360173,0.8743049907925134,0.440712349382177,0.1500000007,0.2615710528832606,64,64,028,Economics__028__economists-erroneous-estimates-of-damages-from-climate-change,Bad,Economics,Economists’ Erroneous Estimates of Damages from Climate Change,drop_low_quality_quintile,Drop lowest-quality 20% nodes (per trial)
0.19530728335260142,0.1392203282828283,0.2967261904761905,0.020833333333333332,0.14142800556287655,0.18229166666666666,0.12151740445537833,0.6262852251150907,0.2715174049123435,0.1500000007,0.16007366242182577,64,64,029,Economics__029__infinite-growth-a-curse-or-a-blessing,Bad,Economics,INFINITE GROWTH:  A CURSE OR A BLESSING?,drop_low_quality_quintile,Drop lowest-quality 20% nodes (per trial)
0.37699868322390473,0.47379291715229216,0.7265088073476231,0.359375,0.13081485849268765,0.6927083333333334,0.4055703020549084,0.8672649223879385,0.5555703019437678,0.1500000007,0.23958628022233985,64,64,030,Economics__030__the-skill-content-of-recent-technological-change-an-empirical-exploration,Good,Economics,The Skill Content of Recent Technological Change: An Empirical Exploration,drop_low_quality_quintile,Drop lowest-quality 20% nodes (per trial)
0.32619086404024655,0.4684013902763903,0.5805183655630085,0.4107142857142857,0.1534006855775163,0.5238095238095238,0.3533326544416897,0.812096067408119,0.5033326544350244,0.1500000007,0.24252293934793492,56,56,031,Economics__031__where-is-the-land-of-opportunity-the-geography-of-intergenerational-mobility-in-,Good,Economics,Where is the Land of Opportunity? The Geography of Intergenerational Mobility in the United States,drop_low_quality_quintile,Drop lowest-quality 20% nodes (per trial)
0.42327210542459076,0.6480429292929293,0.7900390409459703,0.6927083333333334,0.10196730373866034,0.7291666666666666,0.5101834005465113,0.8318711715336031,0.6601834002261444,0.1500000007,0.23015379255977914,64,64,032,Economics__032__is-the-united-states-still-a-land-of-opportunity-recent-trends-in-intergeneratio,Good,Economics,Is the United States Still a Land of Opportunity? Recent Trends in Intergenerational Mobility,drop_low_quality_quintile,Drop lowest-quality 20% nodes (per trial)
0.34647276955469436,0.45835215132090135,0.6962535014005602,0.5520833333333334,0.05852476682719446,0.3125,0.3641361986682091,0.7997464854303948,0.5141361986399366,0.1500000007,0.24681185616423873,64,64,033,Economics__033__the-fading-american-dream-trends-in-absolute-income-mobility-since-1940,Good,Economics,The Fading American Dream: Trends in Absolute Income Mobility Since 1940,drop_low_quality_quintile,Drop lowest-quality 20% nodes (per trial)
0.3816408767212208,0.6552720716783217,0.7768689940359348,0.6927083333333334,0.06198223916971438,0.5052083333333334,0.47266988396135523,0.8518064456945585,0.6226698837160154,0.1500000007,0.2495130409303972,64,64,034,Economics__034__race-and-economic-opportunity-in-the-united-states-an-intergenerational-perspect,Good,Economics,Race and Economic Opportunity in the United States: An Intergenerational Perspective,drop_low_quality_quintile,Drop lowest-quality 20% nodes (per trial)
0.34899699972435566,0.6195106109168609,0.685784875115009,0.5885416666666666,0.08042290618257182,0.5885416666666666,0.44577737091108594,0.8631685614017656,0.5957773707195312,0.1500000007,0.2733639425495216,64,64,035,Economics__035__measuring-the-impacts-of-teachers-ii-teacher-value-added-and-student-outcomes-in,Good,Economics,Measuring the Impacts of Teachers II: Teacher Value-Added and Student Outcomes in Adulthood,drop_low_quality_quintile,Drop lowest-quality 20% nodes (per trial)
0.41975136261485235,0.6568458017676768,0.8213239821351035,0.5729166666666666,0.11193617774187167,0.6979166666666666,0.4964704293145285,0.8412379645430994,0.6464704290215876,0.1500000007,0.2153124631166828,64,64,036,Economics__036__active-vs-passive-decisions-and-crowdout-in-retirement-savings-accounts-evidence,Good,Economics,ACTIVE VS. PASSIVE DECISIONS AND CROWDOUT IN RETIREMENT SAVINGS ACCOUNTS: EVIDENCE FROM DENMARK,drop_low_quality_quintile,Drop lowest-quality 20% nodes (per trial)
0.30460241029068463,0.4861347853535354,0.5413652952638158,0.515625,0.08623282560447404,0.5416666666666666,0.37169840459676545,0.8471485636373627,0.5216984045533686,0.1500000007,0.3101470642080351,64,64,037,Economics__037__the-china-shock-learning-from-labor-market-adjustment-to-large-changes-in-trade,Good,Economics,The China Shock: Learning from Labor-Market Adjustment to Large Changes in Trade,drop_low_quality_quintile,Drop lowest-quality 20% nodes (per trial)
0.33686632011252726,0.44511521464646464,0.6229612264562923,0.484375,0.07594865713920958,0.5052083333333334,0.37061795776449574,0.8636756193353449,0.5206179577232598,0.1500000007,0.27039479057064697,64,64,038,Economics__038__the-impact-of-individual-teachers-on-student-achievement-evidence-from-panel-dat,Good,Economics,The Impact of Individual Teachers on Student Achievement: Evidence from Panel Dat,drop_low_quality_quintile,Drop lowest-quality 20% nodes (per trial)
0.28739747550687655,0.39761254370629373,0.5511040353641457,0.453125,0.07272319754435758,0.46354166666666663,0.3302981787080535,0.8585276778254478,0.4802981787474571,0.1500000007,0.2864138487420998,64,64,039,Economics__039__income-segregation-and-intergenerational-mobility-across-colleges-in-the-united-,Good,Economics,INCOME SEGREGATION AND INTERGENERATIONAL MOBILITY ACROSS COLLEGES IN THE UNITED STATES,drop_low_quality_quintile,Drop lowest-quality 20% nodes (per trial)
0.428549523847228,0.6072679924242425,0.8035896828865579,0.7291666666666666,0.06010111982508688,0.484375,0.475871096049427,0.8732841928778656,0.6258710957976847,0.1500000007,0.22705858468970205,64,64,040,Economics__040__the-economic-consequences-of-increasing-sleep-among-the-urban-poor,Good,Economics,The Economic Consequences of Increasing Sleep Among the Urban Poor,drop_low_quality_quintile,Drop lowest-quality 20% nodes (per trial)
0.2873495664015443,0.43463203463203465,0.5575549450549451,0.5238095238095238,0.05083301249586871,0.4226190476190476,0.34439975241331844,0.8593124154759719,0.4943997524245189,0.1500000007,0.30456560631662405,56,56,041,Economics__041__the-effect-of-evaluation-on-teacher-performance,Good,Economics,The Effect of Evaluation on Teacher Performance,drop_low_quality_quintile,Drop lowest-quality 20% nodes (per trial)
0.4320224593212497,0.5063052398989899,0.7607928529803529,0.546875,0.1315988293233096,0.6510416666666666,0.44326513570459875,0.8350489161717464,0.5932651355180685,0.1500000007,0.20096088962857714,64,64,042,Economics__042__good-jobs-versus-bad-jobs,Good,Economics,Good Jobs versus Bad Jobs,drop_low_quality_quintile,Drop lowest-quality 20% nodes (per trial)
0.3118806285677834,0.31829698079698077,0.5044771696557411,0.29166666666666663,0.18976204448011744,0.41666666666666663,0.2711944793014142,0.8134921433324045,0.4211944794590252,0.1500000007,0.21832339860746824,56,56,043,Economics__043__growth-in-a-time-of-debt,Bad,Economics,Growth in a Time of Debt,drop_low_quality_quintile,Drop lowest-quality 20% nodes (per trial)
0.37456127611365186,0.5846499854312355,0.6616995693158615,0.5572916666666666,0.08446075584331371,0.7135416666666666,0.45606407560797757,0.8822584490961201,0.6060640753958494,0.1500000007,0.29060363888879087,64,64,044,Economics__044__economic-growth-in-a-cross-section-of-countries,Bad,Economics,Economic Growth in a Cross Section of Countries,drop_low_quality_quintile,Drop lowest-quality 20% nodes (per trial)
0.23233649809834744,0.23537660256410256,0.4375,0.265625,0.042897426133914396,0.21354166666666666,0.21283741124552533,0.7568439939926297,0.3628374115198505,0.1500000007,0.24788669000188485,64,64,045,Economics__045__what-are-we-weighting-for-a-mechanistic-model-for-probability-weighting,Bad,Economics,What are we weighting for? A mechanistic model for probability weighting,drop_low_quality_quintile,Drop lowest-quality 20% nodes (per trial)
0.3630767713666346,0.33919665404040406,0.6796411793884221,0.21354166666666666,0.15745372744059408,0.40625,0.3022060818411794,0.7759501098151265,0.4522060819367672,0.1500000007,0.19910868065121917,64,64,046,Economics__046__africas-growth-tragedy-policies-and-ethnic-divisions,Bad,Economics,Africa’s Growth Tragedy: Policies and Ethnic Divisions,drop_low_quality_quintile,Drop lowest-quality 20% nodes (per trial)
0.3051752234471795,0.31268939393939393,0.5318080357142857,0.25,0.13891034389284043,0.375,0.26806040633414585,0.7204330909770277,0.41806040649802506,0.1500000007,0.2290845564346057,64,64,047,Economics__047__ergodicity-economics-is-pseudoscience,Bad,Economics,Ergodicity Economics' is Pseudoscience,drop_low_quality_quintile,Drop lowest-quality 20% nodes (per trial)
0.267188613764034,0.2884943181818182,0.43031135531135534,0.15625,0.17322125656611284,0.43229166666666663,0.23643743003268167,0.7969086759726983,0.38643743025980676,0.1500000007,0.23292697495152262,64,64,048,Economics__048__quantum-propensity-in-economics,Bad,Economics,Quantum propensity in economics,drop_low_quality_quintile,Drop lowest-quality 20% nodes (per trial)
0.18261979460063565,0.24452448593073595,0.37205323781610544,0.21875,0.05377758243764181,0.2552083333333333,0.19608100654880717,0.8275136211901429,0.3460810068566451,0.1500000007,0.2508608197431011,64,64,000,MLComputing__000__prediction-of-heart-disease-using-knn-algorithm,Bad,MLComputing,Prediction of Heart Disease Using KNN Algorithm,drop_low_quality_quintile,Drop lowest-quality 20% nodes (per trial)
0.17412519236888463,0.1247238005050505,0.12786458333333334,0.08854166666666666,0.17323749793150117,0.20833333333333331,0.1016172485287586,0.7225524603945958,0.25161724902552407,0.1500000007,0.1593655070088844,64,64,001,MLComputing__001__spam-detection-using-nave-bayes-classifier,Bad,MLComputing,Spam Detection Using Naïve Bayes Classifier,drop_low_quality_quintile,Drop lowest-quality 20% nodes (per trial)
0.23342542230598384,0.25866477272727273,0.434375,0.18229166666666666,0.05956626770144951,0.25,0.21325427526976337,0.8273969553612238,0.3632542755432548,0.1500000007,0.2452993632053623,64,64,002,MLComputing__002__face-recognition-using-principal-component-analysis-method,Bad,MLComputing,Face recognition using principal component analysis method,drop_low_quality_quintile,Drop lowest-quality 20% nodes (per trial)
0.3457483428575352,0.3218076194638695,0.4970182161588412,0.171875,0.2300974940382795,0.59375,0.2883261880904934,0.7878093216217031,0.43832618821384095,0.1500000007,0.21758301538825173,64,64,003,MLComputing__003__stock-market-prediction-using-machine-learning-a-systematic-literature-review,Bad,MLComputing,Stock Market Prediction using Machine Learning: A Systematic Literature Review,drop_low_quality_quintile,Drop lowest-quality 20% nodes (per trial)
0.31958338780789447,0.3572758838383838,0.5520587485431235,0.4114583333333333,0.12860539651402197,0.41666666666666663,0.30877571662211195,0.8078216633874064,0.4587757167045605,0.1500000007,0.2361226950510864,64,64,004,MLComputing__004__handwritten-digit-recognition-using-support-vector-machine,Bad,MLComputing,Handwritten digit Recognition using Support Vector Machine,drop_low_quality_quintile,Drop lowest-quality 20% nodes (per trial)
0.2588767015069123,0.30081941867656153,0.46904761904761905,0.17857142857142858,0.06853640937498304,0.41666666666666663,0.25690547340152575,0.809613287522994,0.4069054735877148,0.1500000007,0.2731354649491033,56,56,005,MLComputing__005__e-nursery-retail-project-using-clustering-algorithm-visual-data-representation,Bad,MLComputing,E- Nursery Retail Project Using Clustering Algorithm & Visual Data Representation,drop_low_quality_quintile,Drop lowest-quality 20% nodes (per trial)
0.348079987193285,0.2151830808080808,0.3541666666666667,0.0,0.2649925352312488,0.375,0.1927335533823208,0.654337492850952,0.34273355369685365,0.1500000007,0.1842586474463274,48,48,006,MLComputing__006__iot-based-smart-home-automation-systems-enhancing-energy-efficiency-and-security,Bad,MLComputing,IoT Based Smart Home Automation Systems: Enhancing Energy Efficiency and Security,drop_low_quality_quintile,Drop lowest-quality 20% nodes (per trial)
0.37298683042246883,0.3011205808080808,0.59375,0.1875,0.1420499009301656,0.30729166666666663,0.27143811766811254,0.799036049004593,0.42143811782523627,0.1500000007,0.20705548371461985,64,64,007,MLComputing__007__iot-based-smart-security-and-smart-home-automation,Bad,MLComputing,IoT Based Smart Security and Smart Home Automation,drop_low_quality_quintile,Drop lowest-quality 20% nodes (per trial)
0.30208155926693503,0.3426919434731935,0.550390625,0.328125,0.07057453247135861,0.30729166666666663,0.2845525083143283,0.7957614873797518,0.43455250844522325,0.1500000007,0.2584109161168954,64,64,008,MLComputing__008__iot-based-home-automation-system,Bad,MLComputing,IoT Based Home Automation System,drop_low_quality_quintile,Drop lowest-quality 20% nodes (per trial)
0.16301074668497723,0.11143465909090909,0.19102182539682538,0.0625,0.13952259579492243,0.25,0.11053514461441576,0.68170253714197,0.26053514509334547,0.1500000007,0.1689544175922158,64,64,009,MLComputing__009__a-review-on-internet-of-thing-for-home-automation,Bad,MLComputing,A Review on Internet of Thing for Home Automation,drop_low_quality_quintile,Drop lowest-quality 20% nodes (per trial)
0.3026530879187241,0.4694602272727273,0.6133840704842543,0.5260416666666666,0.05765648606469351,0.38541666666666663,0.3561349296032509,0.846252439485159,0.506134929590981,0.1500000007,0.27916972296871995,64,64,010,MLComputing__010__sentiment-analysis-using-lexicon-based-approaches,Bad,MLComputing,Sentiment Analysis Using Lexicon-Based Approaches,drop_low_quality_quintile,Drop lowest-quality 20% nodes (per trial)
0.37641429848881025,0.46589998543123545,0.78125,0.5520833333333334,0.08173998645031694,0.390625,0.3902446563457972,0.8407893738038248,0.5402446562653078,0.1500000007,0.22231436092878892,64,64,011,MLComputing__011__a-comparison-of-lexicon-based-and-ml-based-sentiment-analysis,Bad,MLComputing,A Comparison of Lexicon-Based and ML-Based Sentiment Analysis,drop_low_quality_quintile,Drop lowest-quality 20% nodes (per trial)
0.20553794651399482,0.2433751578282828,0.40482954545454547,0.265625,0.04040183037007353,0.18229166666666666,0.20055720607551292,0.7565237405063736,0.35055720637439847,0.1500000007,0.24636061808013,64,64,012,MLComputing__012__decision-tree-based-diabetes-prediction,Bad,MLComputing,Decision Tree Based Diabetes Prediction,drop_low_quality_quintile,Drop lowest-quality 20% nodes (per trial)
0.30086421430159904,0.3272599796037296,0.5758500477044884,0.29166666666666663,0.12409396202881745,0.4427083333333333,0.29157487560912504,0.7576880159370809,0.44157487572597526,0.1500000007,0.227184688849659,64,64,013,MLComputing__013__classification-and-prediction-of-diabetes-disease-using-decision-trees,Bad,MLComputing,Classification and Prediction of Diabetes Disease using Decision Trees,drop_low_quality_quintile,Drop lowest-quality 20% nodes (per trial)
0.23010944720978524,0.31353620337995336,0.42297159488795516,0.375,0.06457540488974264,0.36979166666666663,0.26149101140276876,0.8491291115979391,0.41149101157978674,0.1500000007,0.27287710395445436,64,64,014,MLComputing__014__cuszp-an-ultra-fast-gpu-error-bounded-lossy-compression-framework-with-optimized,Good,MLComputing,cuSZp: An Ultra-fast GPU Error-bounded Lossy Compression Framework with Optimized End-to-End Performance,drop_low_quality_quintile,Drop lowest-quality 20% nodes (per trial)
0.22229897455799785,0.32502003205128205,0.421875,0.3333333333333333,0.03938488249113315,0.3020833333333333,0.25175535261198334,0.834556583149116,0.4017553528084726,0.1500000007,0.29947105001886404,64,64,015,MLComputing__015__cuszp2-a-gpu-lossy-compressor-with-extreme-throughput-and-optimized-compression-,Good,MLComputing,cuSZp2: A GPU Lossy Compressor with Extreme Throughput and Optimized Compression Ratio,drop_low_quality_quintile,Drop lowest-quality 20% nodes (per trial)
0.19096137632113544,0.2649238782051282,0.37932449494949494,0.3541666666666667,0.04742153544725058,0.28125,0.22239469947609447,0.8374205333860263,0.37239469973130507,0.1500000007,0.2753941874066961,64,64,016,MLComputing__016__gpu-lossy-compression-for-hpc-can-be-versatile-and-ultra-fast,Good,MLComputing,GPU Lossy Compression for HPC Can Be Versatile and Ultra-fast,drop_low_quality_quintile,Drop lowest-quality 20% nodes (per trial)
0.08936505168543644,0.11515405167748918,0.1875,0.16145833333333334,0.016271095837367383,0.08333333333333333,0.09608494479845962,0.7690377608754582,0.24608494530628972,0.1500000007,0.20299413430922864,64,64,017,MLComputing__017__versatile-datapath-soft-error-detection-on-the-cheap-for-hpc-applications,Good,MLComputing,Versatile Datapath Soft Error Detection on the Cheap for HPC Applications,drop_low_quality_quintile,Drop lowest-quality 20% nodes (per trial)
0.33619433000678994,0.4070616883116883,0.6589285714285714,0.5297619047619048,0.10223361562903958,0.4523809523809524,0.3572051527114541,0.8635914304465598,0.5072051526970437,0.1500000007,0.25524682128969023,56,56,018,MLComputing__018__demystifying-and-mitigating-cross-layer-deficiencies-of-soft-error-protection-in,Good,MLComputing,Demystifying and Mitigating Cross-Layer Deficiencies of Soft Error Protection in Instruction Duplication,drop_low_quality_quintile,Drop lowest-quality 20% nodes (per trial)
0.22305825452991024,0.24159564393939392,0.40625,0.32291666666666663,0.0662959323801008,0.203125,0.2096045014269776,0.7925981976217665,0.3596045017077686,0.1500000007,0.24832299720979173,64,64,019,MLComputing__019__mitigating-silent-data-corruptions-in-hpc-applications-across-multiple-program-i,Good,MLComputing,Mitigating Silent Data Corruptions in HPC Applications across Multiple Program Inputs,drop_low_quality_quintile,Drop lowest-quality 20% nodes (per trial)
0.23497482212989165,0.28110613344988344,0.4497767857142857,0.3645833333333333,0.061113491734185205,0.24479166666666666,0.23800797703957788,0.7586802710103893,0.3880079772635619,0.1500000007,0.24387749386474275,64,64,020,MLComputing__020__deploying-lightweight-input-aware-selective-instruction-duplication-in-hpc-appli,Good,MLComputing,Deploying Lightweight Input-Aware Selective Instruction Duplication in HPC Applications,drop_low_quality_quintile,Drop lowest-quality 20% nodes (per trial)
0.17306185604994814,0.24389152514152515,0.35778930890538035,0.2738095238095238,0.04762009835710122,0.20238095238095236,0.19061235667293638,0.8169929391751809,0.3406123569917117,0.1500000007,0.25273198896569077,56,56,021,MLComputing__021__druto-upper-bounding-silent-data-corruption-vulnerability-in-gpu-applications,Good,MLComputing,DRUTO: Upper-Bounding Silent Data Corruption Vulnerability in GPU Applications,drop_low_quality_quintile,Drop lowest-quality 20% nodes (per trial)
0.19642484596577003,0.2960099796037296,0.357917817476641,0.3125,0.04164309858916041,0.3020833333333333,0.22921652335166492,0.8687152361965006,0.3792165235932319,0.1500000007,0.2925852012935227,64,64,022,MLComputing__022__modeling-soft-error-propagation-in-programs,Good,MLComputing,Modeling Soft-Error Propagation in Programs,drop_low_quality_quintile,Drop lowest-quality 20% nodes (per trial)
0.33335218119810534,0.5890533945221446,0.6780781054197995,0.640625,0.05468185933961204,0.515625,0.43161317557110057,0.8758251378481973,0.5816131754078742,0.1500000007,0.29858725572160066,64,64,023,MLComputing__023__understanding-error-propagation-in-deep-learning-neural-network-dnn-accelerators,Good,MLComputing,Understanding Error Propagation in Deep-Learning Neural Network (DNN) Accelerators and Applications,drop_low_quality_quintile,Drop lowest-quality 20% nodes (per trial)
0.37424691831383045,0.4816998106060606,0.7237215909090909,0.40104166666666663,0.09728975367007583,0.47916666666666663,0.38374454493703714,0.8238166374174687,0.533744544869548,0.1500000007,0.2396770056127636,64,64,024,MLComputing__024__binfi-an-efficient-fault-injector-for-safety-critical-machine-learning-systems,Good,MLComputing,BinFI: An Efficient Fault Injector for Safety-Critical Machine Learning Systems,drop_low_quality_quintile,Drop lowest-quality 20% nodes (per trial)
0.32102623837582667,0.3984080155955156,0.6200187616203241,0.17708333333333331,0.10303943148396988,0.5625,0.32848785826560584,0.8011053578375312,0.47848785830863005,0.1500000007,0.25046205720672016,64,64,025,MLComputing__025__towards-trustworthy-and-aligned-machine-learning-a-data-centric-survey-with-caus,Neutral,MLComputing,Towards Trustworthy and Aligned Machine Learning: A Data-centric Survey with Causality Perspectives,drop_low_quality_quintile,Drop lowest-quality 20% nodes (per trial)
0.273547162194202,0.28192057125880654,0.37760989010989016,0.16071428571428573,0.20418802710071296,0.369047619047619,0.21742828973770562,0.8025802157991238,0.36742829000284905,0.1500000007,0.22215236410807118,56,56,026,MLComputing__026__holistic-survey-of-privacy-and-fairness-in-machine-learning,Neutral,MLComputing,Holistic Survey of Privacy and Fairness in Machine Learning,drop_low_quality_quintile,Drop lowest-quality 20% nodes (per trial)
0.23144827164359424,0.1947106279137529,0.3584139384920635,0.05208333333333333,0.1140126020673567,0.2916666666666667,0.17423756176177296,0.7565378207859405,0.32423756211329785,0.1500000007,0.21534411467645534,64,64,027,MLComputing__027__assuring-the-machine-learning-lifecycle-desiderata-methods-and-challenges,Neutral,MLComputing,"Assuring the Machine Learning Lifecycle: Desiderata, Methods, and Challenges",drop_low_quality_quintile,Drop lowest-quality 20% nodes (per trial)
0.4082145676476839,0.2762677798392084,0.2407738095238095,0.07142857142857142,0.41332020836206906,0.4107142857142857,0.20194993656979365,0.7048905263811707,0.35194993686589376,0.1500000007,0.13781945349660263,56,56,028,MLComputing__028__bias-mitigation-for-machine-learning-classifiers-a-comprehensive-survey,Neutral,MLComputing,Bias Mitigation for Machine Learning Classifiers: A Comprehensive Survey,drop_low_quality_quintile,Drop lowest-quality 20% nodes (per trial)
0.10851060140798387,0.11762152777777778,0.16467211174242424,0.07291666666666666,0.050225089139464926,0.13541666666666666,0.09307064676642976,0.7640435653399591,0.24307064728028846,0.1500000007,0.18636760951963774,64,64,029,MLComputing__029__machine-learning-interpretability-a-survey-on-methods-and-metrics,Neutral,MLComputing,Machine Learning Interpretability: A Survey on Methods and Metrics,drop_low_quality_quintile,Drop lowest-quality 20% nodes (per trial)
0.1571111965708462,0.15305397727272727,0.28125,0.078125,0.03305753754194392,0.16666666666666666,0.13352016282960177,0.830547333983506,0.28352016326256146,0.1500000007,0.22182848058738583,64,64,030,MLComputing__030__explainable-trustworthy-and-ethical-machine-learning-for-healthcare-a-survey,Neutral,MLComputing,"Explainable, Trustworthy, and Ethical Machine Learning for Healthcare: A Survey",drop_low_quality_quintile,Drop lowest-quality 20% nodes (per trial)
0.33428158761516336,0.23726065601065602,0.39010416666666664,0.08854166666666666,0.23817110887660342,0.36979166666666663,0.21049322790829764,0.7832962330295823,0.36049322818731117,0.1500000007,0.198311015667161,64,64,031,MLComputing__031__toward-transparent-ai-a-survey-on-interpreting-the-inner-structures-of-deep-neur,Neutral,MLComputing,Toward Transparent AI: A Survey on Interpreting the Inner Structures of Deep Neural Networks,drop_low_quality_quintile,Drop lowest-quality 20% nodes (per trial)
0.11005269439564391,0.052444083694083696,0.0625,0.0,0.1100246397653027,0.078125,0.042089248557636495,0.4950313718974382,0.192089249173458,0.1500000007,0.08857307642762122,64,64,032,MLComputing__032__interpretable-machine-learning-fundamental-principles-and-10-grand-challenges,Neutral,MLComputing,Interpretable Machine Learning: Fundamental Principles and 10 Grand Challenges,drop_low_quality_quintile,Drop lowest-quality 20% nodes (per trial)
0.24184026091641597,0.19791666666666666,0.233797625985126,0.05208333333333333,0.20688228966437294,0.29166666666666663,0.15124498437796066,0.7579710541847131,0.3012449847754707,0.1500000007,0.19383326174376772,64,64,033,MLComputing__033__a-survey-on-neural-network-interpretability,Neutral,MLComputing,A Survey on Neural Network Interpretability,drop_low_quality_quintile,Drop lowest-quality 20% nodes (per trial)
0.3960854073353751,0.3829308712121212,0.5502604166666667,0.29166666666666663,0.20192422933973775,0.5104166666666666,0.32522064356924674,0.853572675433353,0.47522064361880545,0.1500000007,0.23929110922652772,64,64,034,MLComputing__034__interpretable-and-explainable-machine-learning-methods-for-predictive-process-mo,Neutral,MLComputing,Interpretable and Explainable Machine Learning Methods for Predictive Process Monitoring,drop_low_quality_quintile,Drop lowest-quality 20% nodes (per trial)
0.04697014560813442,0.032151442307692304,0.06076388888888889,0.0,0.029607455720925324,0.05208333333333333,0.02922816750970677,0.6934519969531265,0.17922816815125042,0.1500000007,0.10295828306845171,64,64,035,MLComputing__035__machine-learning-for-reliability-engineering-and-safety-applications-review,Neutral,MLComputing,Machine Learning for Reliability Engineering and Safety Applications: Review,drop_low_quality_quintile,Drop lowest-quality 20% nodes (per trial)
0.2626134905264192,0.3302849927849928,0.49073347287633,0.3154761904761904,0.0391905296100512,0.2738095238095238,0.264038436293026,0.8357825791881199,0.4140384364649491,0.1500000007,0.2722962745250231,56,56,036,MLComputing__036__a-comparative-study-of-machine-learning-algorithms-for-credit-card-fraud-detecti,Neutral,MLComputing,A Comparative Study of Machine Learning Algorithms for Credit Card Fraud Detection,drop_low_quality_quintile,Drop lowest-quality 20% nodes (per trial)
0.289855037920652,0.323895202020202,0.4258056396728272,0.3177083333333333,0.16273942416378226,0.4791666666666667,0.2752530436612622,0.8277371644532122,0.4252530438107561,0.1500000007,0.25680353195174915,64,64,037,MLComputing__037__an-empirical-evaluation-of-generic-convolutional-and-recurrent-networks-for-sequ,Neutral,MLComputing,An Empirical Evaluation of Generic Convolutional and Recurrent Networks for Sequence Modeling,drop_low_quality_quintile,Drop lowest-quality 20% nodes (per trial)
0.33081650373832794,0.4043481691919192,0.6155323842823843,0.41666666666666663,0.09278600500301219,0.375,0.32934317257701506,0.8126289333592249,0.47934317261832865,0.1500000007,0.25367028655008617,64,64,038,MLComputing__038__comparison-on-feature-selection-methods-for-textclassification,Neutral,MLComputing,Comparison on Feature Selection Methods for TextClassification,drop_low_quality_quintile,Drop lowest-quality 20% nodes (per trial)
0.23663406980523854,0.2926118152680653,0.4258488906926407,0.375,0.0649340562519643,0.2708333333333333,0.24328125189979538,0.7986939838498138,0.39328125211323284,0.1500000007,0.26869167889258777,64,64,039,MLComputing__039__assessing-the-effect-of-pca-based-dimensionality-reduction-on-machine-learning-p,Neutral,MLComputing,Assessing the Effect of PCA-Based Dimensionality Reduction on Machine Learning Performance in Hyperspectral Optical Imaging,drop_low_quality_quintile,Drop lowest-quality 20% nodes (per trial)
0.3952869749387314,0.5016335227272727,0.7701330787268287,0.515625,0.0811439934467697,0.4739583333333333,0.4117280832721684,0.8481851936659935,0.5617280831487123,0.1500000007,0.23142004822277532,64,64,040,MLComputing__040__why-does-bagging-work-a-bayesian-account-and-its-implications,Neutral,MLComputing,Why Does Bagging Work ? A Bayesian Account and its Implications,drop_low_quality_quintile,Drop lowest-quality 20% nodes (per trial)
0.40889049115311693,0.47251784673659675,0.6875,0.5416666666666666,0.13525369937205017,0.5364583333333333,0.40344944623328755,0.8384923475174624,0.5534494461263886,0.1500000007,0.2516776114591559,64,64,041,MLComputing__041__using-random-forest-to-learn-imbalanced-data,Neutral,MLComputing,Using Random Forest to Learn Imbalanced Data,drop_low_quality_quintile,Drop lowest-quality 20% nodes (per trial)
0.30565248636892844,0.39161931818181817,0.5425907362143575,0.40625,0.09009170569659081,0.421875,0.31896951890463376,0.8660097603542115,0.4689695189666947,0.1500000007,0.2777464658515575,64,64,042,MLComputing__042__image-processing-based-performance-evaluation-of-knn-and-svm-classifiers-for-lun,Neutral,MLComputing,Image Processing-based Performance Evaluation of KNN and SVM Classifiers for Lung Cancer Diagnosis,drop_low_quality_quintile,Drop lowest-quality 20% nodes (per trial)
0.11972249780900764,0.15342487373737373,0.23280041963647807,0.09375,0.03908590447995857,0.19270833333333331,0.12398524917824935,0.8389150690277373,0.27398524963027887,0.1500000007,0.21520506136287815,64,64,043,MLComputing__043__a-survey-on-feature-selection-methods,Neutral,MLComputing,A survey on feature selection methods,drop_low_quality_quintile,Drop lowest-quality 20% nodes (per trial)
0.3303478951162725,0.4699404761904762,0.5892857142857143,0.5,0.10514548568807991,0.35714285714285715,0.3468002699734752,0.8216966981815372,0.49680026997987464,0.1500000007,0.2731552519337765,56,56,044,MLComputing__044__empirical-comparison-of-supervised-learning-algorithms-for-classification,Neutral,MLComputing,Empirical Comparison of Supervised Learning Algorithms for Classification,drop_low_quality_quintile,Drop lowest-quality 20% nodes (per trial)
0.2175748299675017,0.362136994949495,0.4354662089635725,0.3125,0.06231514056554831,0.4427083333333333,0.27678355604077415,0.8324910727678431,0.42678355618720704,0.1500000007,0.28997339549380335,64,64,045,MLComputing__045__random-forests,Good,MLComputing,Random Forests,drop_low_quality_quintile,Drop lowest-quality 20% nodes (per trial)
0.0770317617838001,0.08776041666666667,0.1224609375,0.057291666666666664,0.01595594695954549,0.11458333333333333,0.07396741298535153,0.8442319460020327,0.2239674135374167,0.1500000007,0.19660209920047259,64,64,046,MLComputing__046__a-few-useful-things-to-know-about-machine-learning,Good,MLComputing,A Few Useful Things to Know About Machine Learning,drop_low_quality_quintile,Drop lowest-quality 20% nodes (per trial)
0.36779566324848023,0.506774779040404,0.6757364678219079,0.5416666666666666,0.11082929895752261,0.6197916666666666,0.4167272791774501,0.8476105690882535,0.5667272790439956,0.1500000007,0.2556173693126976,64,64,047,MLComputing__047__imagenet-classification-with-deep-convolutional-neural-networks,Good,MLComputing,ImageNet Classification with Deep Convolutional Neural Networks,drop_low_quality_quintile,Drop lowest-quality 20% nodes (per trial)
0.11256034904269309,0.08016826923076924,0.144760101010101,0.09895833333333333,0.04796510058931872,0.15104166666666666,0.08801548291431122,0.7700759118505367,0.23801548343828025,0.1500000007,0.1879600548769197,64,64,048,MLComputing__048__attention-is-all-you-need,Good,MLComputing,Attention Is All You Need,drop_low_quality_quintile,Drop lowest-quality 20% nodes (per trial)
0.11075857029434233,0.14752695221445222,0.19900901411701044,0.17708333333333331,0.04328355294888311,0.22916666666666666,0.13006308242990056,0.8176826791381686,0.2800630828697744,0.1500000007,0.23327418252596352,64,64,049,MLComputing__049__dropout-a-simple-way-to-prevent-neural-networks-from-overfitting,Good,MLComputing,Dropout: A Simple Way to Prevent Neural Networks from Overfitting,drop_low_quality_quintile,Drop lowest-quality 20% nodes (per trial)
0.15019918248801076,0.08630952380952381,0.16279761904761905,0.06547619047619048,0.09708011681078654,0.19642857142857142,0.09685682571943233,0.5789208597404348,0.24685682622571867,0.1500000007,0.159529946366115,56,56,050,MLComputing__050__adam-a-method-for-stochastic-optimization,Good,MLComputing,Adam: A Method for Stochastic Optimization,drop_low_quality_quintile,Drop lowest-quality 20% nodes (per trial)
0.4564087376320146,0.47952178030303033,0.7607719129318394,0.34375,0.18604974838576224,0.6302083333333334,0.4110586085190808,0.8667998279733562,0.5610586083969635,0.1500000007,0.19644307645943238,64,64,000,Pyschology__000__the-magical-number-seven-plus-or-minus-two-some-limits-on-our-capacity-for-proce,Good,Pyschology,"The Magical Number Seven, Plus or Minus Two: Some Limits on Our Capacity for Processing Information",drop_low_quality_quintile,Drop lowest-quality 20% nodes (per trial)
0.44486621605219395,0.5513731060606061,0.875,0.6354166666666666,0.08977032609133549,0.515625,0.4639796982811663,0.8193890585328214,0.613979698053207,0.1500000007,0.19103879194994336,64,64,006,Pyschology__006__studies-of-interference-in-serial-verbal-reactions,Good,Pyschology,Studies of Interference in Serial Verbal Reactions,drop_low_quality_quintile,Drop lowest-quality 20% nodes (per trial)
0.42300198627140806,0.6526199494949495,0.8125,0.734375,0.05905071069483529,0.453125,0.48270412733736406,0.8708193488857014,0.6327041270719558,0.1500000007,0.23993020674288057,64,64,007,Pyschology__007__the-nature-of-love,Good,Pyschology,The Nature of Love,drop_low_quality_quintile,Drop lowest-quality 20% nodes (per trial)
0.48345120956850757,0.6292049096736597,0.8803673476237814,0.7083333333333334,0.11374922327201083,0.6041666666666666,0.5105967144154516,0.8562720533546502,0.6605967140942581,0.1500000007,0.15666060338761928,64,64,008,Pyschology__008__cognitive-consequences-of-forced-compliance,Good,Pyschology,Cognitive Consequences of Forced Compliance,drop_low_quality_quintile,Drop lowest-quality 20% nodes (per trial)
